{
  "IsEncrypted": false,
  "Values": {
    "AzureWebJobsStorage": "",
    "FUNCTIONS_WORKER_RUNTIME": "node",
    "AZURE_SQL_SERVER": "vacations-sql-4819.database.windows.net",
    "AZURE_SQL_DATABASE": "vacations-db",
    "AZURE_SQL_USER": "vacationsadmin",
    "AZURE_SQL_PASSWORD": "Vacations2024!Secure",
    "JWT_SECRET": "local-dev-secret-key-change-in-production-2024",
    "SMTP_HOST": "smtp.hostinger.com",
    "SMTP_PORT": "465",
    "SMTP_USER": "noreply@fortelabs.cloud",
    "SMTP_PASS": "NoReply2024!Forte@Cloud#Secure",
    "SMTP_FROM": "noreply@fortelabs.cloud",
    "APP_BASE_URL": "http://localhost:5173",
    "APP_URL": "http://localhost:5173",
    "MAGIC_LINK_TTL_MINUTES": "30"
  }
}



